,Supplier_Lead_Time,Inventory_Levels,Order_Frequency,Delivery_Performance,Cost_Per_Unit
Supplier_Lead_Time,1.0,0.28246711055480445,-0.8752244704384335,-0.8953979533512263,0.9542139884795685
Inventory_Levels,0.28246711055480445,1.0,-0.22639100276282548,-0.20689111328644338,0.29198669903305613
Order_Frequency,-0.8752244704384335,-0.22639100276282548,1.0,0.7802601362853686,-0.8168714048236773
Delivery_Performance,-0.8953979533512263,-0.20689111328644338,0.7802601362853686,1.0,-0.8997505988451131
Cost_Per_Unit,0.9542139884795685,0.29198669903305613,-0.8168714048236773,-0.8997505988451131,1.0
